playerName,playerId
Sharkologia,account.af7aa7d05f4b460bb761b618120e2d7b
60M_6EP,account.8be9180eb1934cd2982d8a9ae22fe11c
RoninKraken1703,account.0b4c03db81414215b0ba16601c8a6bd3
dallas1995,account.772830632ea24f458dd8b02e735af304
kickmehorse,account.ff3850a8cdbb42269a8704805c4044af
KeyLanaBanana,account.0a63bc334dd140668da6652cdab6a17e
hiles8,account.9524c9f544aa440b94977d1d827cfaba
TesSsarion,account.f067ca6ed7a34af6aceabc99da10eeb8
kotee228,account.1171bda1d5854d01b5c297d504bf3227
rdFelixArgyle,account.30d8e96863de4d03a7ed25b25c082018
NE_SOLI,account.126767b081e444f0b8e87f6ddf9f4650
kingilyaa,account.4bcd45f6683d42a6b10776b01f4f5d3b
wisdm,account.a0c7ca8388a44dcab8347ea04e0a026e
TonyKotana,account.9c7fe3ef8d664b38a98546205063357d
jona_____,account.ad5ce74144584854ae271fa6731d03c6
GazBro27,account.0a0f5a8b434c402c932961dd8ca2603e
ssantt1,account.a20ed9eab5a246338cbb6c45dc6f4530
SKUFFYDOO,account.c6a674b4e64a427fb3cad5eb3f11caf3
Frolish,account.0a16680b3164413f900adc9227d0623e
cniiinw1221,account.3d7aed5e7e9144059813a5b3e98433a8
naleitechai,account.2a85808febba4a4a9e30f0d8926a9abb
TWITCH-MAYBECH_,account.ab0ad7a6d2da4447987a790c8c2dccb4
Takumiha,account.b11cd34f6af847b6bdd34e4e56699820
ShugarDaddy554,account.56d873d65216448488ec1ae8d5b436f2
DED_B_O6ED,account.d8c319933ad84c55a62c057124fdea3a
Platochek46,account.d0ffb80e59684d4ca7a6c7ab56774bf3
MovingAVG,account.43d8265e3fa246b4996d6251ce546d30
Temka_001,account.2ca9d05561234326a93aa73acc3aec4c
S_trannik,account.3e26052712d64472a730518d89035ae4
LOPRIK,account.25f467d393b849fa9cec5fe0a5841aee
ArtLaw,account.5ced1e146c634e46a962772ec58d93fb
Satamet,account.687adb4e75a943899a1db9b3523d3c66
midasVeno,account.0ea4bcda46b9492f9118eb3b75cc425f
ygort123,account.0f96cae038bc48419d8e52dd5102e9e6
UEBANISCHE,account.9bd7d7a697af41769eace6d201ba82f4
bakashiniji,account.d7c059255cfd46d5a0f466f3ab1c4756
SHOULD_YT-_-,account.830c0f15b2ee449d95e0e0986db77e00
Zizokko,account.0dbbd1fb4043431fbedb8ba450f76937
Akitsyokai,account.4bbe06b2ba964190baa22df9a93cff35
QeJimp,account.5ff9be1ba0d041b1a1ef89b3f733a99f
poloz0k,account.74fc583465b94382a979bacb13339902
Ththth1020,account.75463a1f84d54aac88505a86d33509b9
Abq_elitetv,account.50f468c65b0c40c1a0b1e3130ec5cf91
Ex_He_3a6aHuJlo,account.ac4d0ecc5a744e63b7265a1f409b8e1f
NONAME_RD7939,account.a554fe43850a43ddbaa0805c7fe86230
TBJpro,account.883dbd5999f94031b69a76b8f66a7e8f
mr-Bot2010,account.2c5a1ec4983145b4ace8764d83fc63ad
Pure_Sosop,account.9898a626d67643359e71b2a7cd4895bb
SadnesSxWeaknesS,account.b2dfebae85244aed9e873f1c724a36c0
ponyash,account.c7c2aadc11ee4bcb984499cf555714ad
Ps1h_,account.6831763869d441e78534c5841769ad62
OleganPNZ,account.25e035a5c17d4146a8c0c80bd1529529
bogatir,account.a924cd29815f4cce98a8029cf2d5d5d2
Zoovoo_,account.911ef96a0d6f4e62b5a8054ba5cd0757
Sharuse,account.5e218c5272b746eaa2f36be6ea5b32d1
LaNIPUBG,account.17daad7848f542dfaf1d8a4fc1c3c0d2
SsSoyer,account.846d79fe33fa40708f61a47f376d0b8a
BaH9_kpytou,account.b8fb1b6776664a0894de451acf7720d1
HS_ZiP666,account.11b34e080c514c1484e780f18dd357bd
50max,account.46771c5ffc27498fae4d59397de05fa7
kAkASHi_KONCH,account.79568d49e7064d1989e0346faef93522
LowParadox,account.d8b7ee7a629243c0b2aaac2205f92d64
Rocketq_q,account.9f950a9728e04c49b3d6a3423d035727
RaiVer59,account.aca8f69cb11646c599043acd7513f7bd
Kiyot7ka,account.27b93d51c0d249738dd45e6a08962e61
LawrenceCraft,account.6c09183f5c774093935f6dcfbb9830f2
Salvador007,account.8ede073bae694077933b1c40c6017634
Teaplease_,account.e5ac11bb96ef4de9afd10df58779da93
Lirachka,account.0621a5da9ddc42cb9e57a9fa9b5e99a0
vbunkere67,account.e89e7c86a53740b9b75a262f4cfbc03a
KyRench,account.9f25a8a9cfcb4e3894c11bb9e2b5976d
Amlaith,account.b57dc6f54fc54c9f8265ac6bb288ac0d
PIZDUKI,account.9c35037a1a774c7fbcf1e1f24a0c700c
Deqviz_Twitch,account.7501adfa80af40cbb5a56ab880bbd2e2
SamvinG,account.612ef2da54234a85a7f84588915b4e80
L0m4kin,account.747e03f4c96048099b116d43a0af455e
AlexeyMMM,account.f7be20a1bd1c4697877c4737b008cf7b
Dao4ka,account.424b78491fef408791fb64d41e210610
TumoxaKek,account.0064aa62ccec49db8e57cb37174a9b06
Lamarsky,account.377f53fa30164d88b7a0a288162f174d
TheTAIIOK,account.2c160619d544476cbffab2becb7c8478
tyexer,account.4e507d137abb41dca8d6fcac0ec95a7c
zxc_POCHITA,account.b4ecdd2d0f8a4fff9b52f2f2911df696
amplumnox,account.40f0cccc7a0643a4ae084668b6cec53f
ChR1stmas96,account.516cc1d6070b415d917cc948a9404a44
Hanako138,account.05166ee008d444398a3a37ec043c8e22
shmuz-,account.1743431b22424005b6174a4593ee28fd
KiskaGrizWW,account.3182e446e2e1453fb98de819ae837efc
TaunaMun,account.85a259bed1f24a7a80f469fc956bade9
PlayWM15,account.f5b27630486845b38e177683a19baa06
GU1AR,account.777bd6f491e6441899832a41824eb00c
m00rtal,account.fedfaa1f7ce740e2816637357917943f
Sonic_Wave2711,account.b7cdd09d0d6f4463a0d29e32e3d01738
Sosik228,account.8271295704c248a4ad95c4ede3916431
pavbo,account.5c5afed4f9564cec917d97aa56416cb4
yngyanni,account.2ded10baf1fb4c689d28467151ee9dce
cartalej,account.0040a9a2585847c9a88f3764d0d4c1f9
Lek5on,account.43aea2ee128343aabe67a745f88b6f8c
uylidyce,account.0d8ddb89309549ada838a6e1f88cc6fd
sloau,account.0b8cc282860d4b78b0e29ae7681e5e98
Fuseland,account.94d5907670ca44c583b433852bb977ae
GaB_MaD,account.6805a36e11b045eaa696487b5fbd76c1
E_x_ta_ZzZ,account.fa828f67f34a4f8c921e6dd451e21116
Agos1337,account.20f88596d203406da2e2891760000a33
EzPetooh,account.e6ba881a430d407e8ccb6107dc520370
13Floyd,account.d55727d6581f4544989c4dd6d5369734
Animesnik096,account.b8cf2e8cb9da498da91361e1122156da
x_zitrex_x,account.3c132fe626f14ca98c98e2405d8159b6
unknown_leshka,account.0e2daf3c70ea4c3c8ebb9c9bc706be36
kikjeck,account.edf997fa86b14236857d342f1c447bba
ZHORANDY,account.c54a560954fa4c889daf19a55d314cdd
feckless_,account.97f723ae94cb4ff1b3db19706112d564
sympathies1769,account.07138099d01c4f9e8df14f1c67ca5e6c
IQ_TOMZZ,account.a68656af6eff4a768214bdbf74e3f459
ReBruM,account.1fe7017583344a939955f3d4da898dfe
happy5rogue,account.84f9432e4e1142fbbf20ce04d67ca7d7
Baklaxa,account.fd46112a396f4f75b7feb340b5b1baf7
weqty,account.001e4cf94c9a4743a7df86103fcd8d5c
john1__,account.9b633935843540f895c63dde2dbfd937
DEADLY_PANDA03,account.46a2f708dd374476b6ce666291fb3f93
Kioto228,account.e3062436849b4f8aa32c008a3582793c
Kak_ect6,account.dcc8d47b38074a5db3e15e82d1c6a8f3
andrxwedits,account.3deabe49cfde400d840257ac98edcc52
Stamcos,account.f4dc5c7f6ad143609744e922230b12cf
gre90ry,account.c1c46d7eee224d59ba0845d3327a7676
r1ryZ,account.cfe6368c2178484ca431435a41210cdf
Arsik_KzM_29_RUS,account.c912426bae3c422ab3e040c1012febf6
Recrent,account.e97b6b13078145f0a5b4547a3d64b738
des0ut,account.3d4dcd42f2d7412584ef23f8623aa612
WeeeHy,account.216055664b4249d28f40513ad13aa51b
TGLTN,account.82bad0072f31455d8d9f8d834da2f2f3
HIBAKO,account.a5a0ba18bdc04283bd2393d94d0f878c
POKAMOLODOY,account.87bc8a5078e44a9e8c8824daa8033182
iBakhmet,account.b5e4a0de46a6433796cfd488d115f815
LEXA_CYBERSPORT,account.a5ff57b0ebba465097e399584401c11c
DanucD,account.74c87c9ee413407894c9ec17063ea023
